"Symbol","logFC","logCPM","F","PValue","FDR"
"SSTR2",-3.26315103423662,4.72280686157277,220.051605946394,4.20114718171941e-07,0.00221608335772108
"ZFP62",-2.69824515025377,3.88087663928663,192.315294612491,7.07148803398629e-07,0.00221608335772108
"ZSCAN26",-3.61942470620852,2.60380276294728,187.834910805843,7.74408897273449e-07,0.00221608335772108
"EGR1",4.86142886932674,9.40101780507528,185.237209097898,8.17082921099712e-07,0.00221608335772108
"RBM15",2.27594660155274,6.34811405667075,180.125202255114,9.10003195698904e-07,0.00221608335772108
"IP6K1",-2.20866673807477,5.19419048934288,167.012666633542,1.21653702046014e-06,0.00221608335772108
"WBP1L",-2.30378843038306,5.04581763747095,166.209051883891,1.23924831561129e-06,0.00221608335772108
"HMG20A",-2.03219424790788,5.21747833739602,154.023216063811,1.658650584811e-06,0.00221608335772108
"GLI2",-2.2559318930261,5.2678238879413,149.255315444191,1.87030797759714e-06,0.00221608335772108
"SLC30A1",2.61556619569214,8.22025976356712,138.220722546868,2.50607704339589e-06,0.00221608335772108
"KNSTRN",-1.98818102234334,5.0781430781457,137.824101157096,2.53361081825509e-06,0.00221608335772108
"CASP8AP2",-2.46867771420379,3.92959853551341,136.824349546424,2.60471112711022e-06,0.00221608335772108
"N4BP1",-2.37489260470542,4.33875351784701,136.21207845021,2.64948807807113e-06,0.00221608335772108
"SNAI2",2.82081983527724,5.58091550038233,136.122302441683,2.65613427275114e-06,0.00221608335772108
"SDR42E1",-2.41203848898225,4.10865007373013,135.739607958937,2.68470035322513e-06,0.00221608335772108
"MEOX1",-4.29840052838249,1.63348592960137,133.810360755534,2.83470212669266e-06,0.00221608335772108
"BHLHE41",-2.80480707298679,5.21685797864309,133.601610172035,2.85155421477683e-06,0.00221608335772108
"SIK2",-2.4156656611118,4.568057425086,131.647591903505,3.01553526148922e-06,0.00221608335772108
"KLF2",3.1670649278549,2.46320085333896,120.125722554796,4.26474223809711e-06,0.00280703099007268
"CNTF",3.58950685435904,2.70386043473276,119.643386914315,4.33000081454456e-06,0.00280703099007268
"TSHZ1",-2.42746428637806,3.75427092751181,117.008752664087,4.70935428318532e-06,0.00280703099007268
"PIM1",2.78946360165709,6.86937383678079,116.249365319937,4.82634085856661e-06,0.00280703099007268
"AVL9",-1.98862027521777,5.22783174259136,115.208763034918,4.99261396126775e-06,0.00280703099007268
"MSL2",2.2221922251895,6.46837389980091,114.601917024432,5.09288961005021e-06,0.00280703099007268
"FOXC1",3.01716976628411,5.46235295719037,112.827801485905,5.40084355037568e-06,0.00285769433937478
"VANGL1",-2.00121672448259,5.47921831802877,110.52032382093,5.83706502359393e-06,0.00296971908200386
"DTX3L",-2.21784140576409,5.15979779252478,107.555707385509,6.46425928074513e-06,0.00301732373366018
"LMCD1",-2.05956521725537,4.67243021773713,106.943826442593,6.60403888484309e-06,0.00301732373366018
"TNFAIP8L1",-1.68803135312412,4.54024813438986,106.896801064913,6.61493712399042e-06,0.00301732373366018
"APPBP2",-1.74742211668819,5.7184919372985,104.150167501729,7.29242627954857e-06,0.00315445506168402
"RAB36",-2.30648135906964,2.70472705183109,103.771510600132,7.39250883823741e-06,0.00315445506168402
"KIF2A",-1.52072560292989,5.84064035999396,100.189066195596,8.429864740902e-06,0.00319189227940005
"PSRC1",-1.65460840373868,4.82034031428875,100.018864477167,8.48354194419209e-06,0.00319189227940005
"ZMYM1",-2.35018724795944,4.02717889030267,99.3843646463392,8.68745122401719e-06,0.00319189227940005
"IQSEC1",-1.54838847179027,5.31579383603909,98.9559154135065,8.82861486474911e-06,0.00319189227940005
"PIAS1",-1.57226750768645,5.21087850282978,98.710405884008,8.91079742872993e-06,0.00319189227940005
"C17orf80",-1.80196884970778,5.34426681068944,98.6592772533611,8.92803253234064e-06,0.00319189227940005
"BLM",-1.75543510447914,4.93690565744872,97.8891042597007,9.19276628830951e-06,0.00320005032794101
"ZNF561",-2.16249566428224,3.83812682945816,96.6475636727529,9.64052976595982e-06,0.00322459519123883
"PLEKHG1",-2.3623392551218,3.39136494088466,96.3527990266165,9.75081702823959e-06,0.00322459519123883
"CNOT6",-1.56318084306302,5.73525095710692,94.9278140931706,1.03067866950168e-05,0.00331914483799926
"NPAT",-1.82398122136844,4.47570296460162,94.3618641084256,1.05385608705752e-05,0.00331914483799926
"ZNF142",-1.75620309611138,4.46357675738802,92.4195844356334,1.13852145930643e-05,0.00350240973574545
"BHLHE40",2.47511100279157,8.20215273112242,91.1003820567791,1.20091109143687e-05,0.00361037543580159
"TGIF2",-1.90731167713322,4.701145454385,89.3571826233973,1.29005841559127e-05,0.00372576503674212
"DUSP16",-2.16425342020188,4.40165927327762,88.7171463565094,1.32485649547169e-05,0.00372576503674212
"GOLPH3",-1.68468451550309,5.43620010772705,88.5109702561135,1.33631536200874e-05,0.00372576503674212
"CHTF8",-1.38222760638592,6.06698773069055,87.6284892785742,1.38678526973539e-05,0.00372576503674212
"APOL6",-2.56975077344887,3.99666097531165,86.966692598195,1.4262050858428e-05,0.00372576503674212
"KIF18A",-1.49228351832672,5.25433343744026,86.8407522001089,1.4338646703823e-05,0.00372576503674212
"NACC2",-1.74308064444689,4.70477674932425,86.5661080685221,1.45074745381135e-05,0.00372576503674212
"LNX2",-1.96209082735735,2.88504108113678,86.3434254493639,1.46461885327026e-05,0.00372576503674212
"RTKN",-2.75616614103986,3.11631198272375,84.1886276163266,1.60780155019078e-05,0.00397712783994753
"ASXL2",-1.34927048142667,6.17362521738158,83.6198138053389,1.64848537141124e-05,0.00397712783994753
"OPA3",-1.94517380492458,4.54249344750197,83.549151039335,1.65362890230658e-05,0.00397712783994753
"ZNF518B",-1.60041882758615,5.33611646383862,82.5032995986676,1.73215563858137e-05,0.00407647239325255
"ZNF302",-1.5284505623228,4.3148427070453,81.7994580885946,1.787638226842e-05,0.00407647239325255
"ARGLU1",1.34311543703396,6.78207775546233,81.7286328230531,1.79334351454751e-05,0.00407647239325255
"NEIL3",-2.61276395648407,2.9059322323783,81.2287733573576,1.83426350531902e-05,0.00407647239325255
"FBXO34",-2.43159848070071,4.80947094780351,81.0519261303871,1.84901983364948e-05,0.00407647239325255
"HMGXB4",-1.4090920917178,6.75014142555769,80.5100988684437,1.89516402998385e-05,0.00410970980141417
"ZHX2",-3.23275855966511,3.30373836580572,80.0902124290041,1.93191679829753e-05,0.00412183796901286
"EXOSC3",-1.74260697409394,4.4215773465163,79.2401777466256,2.00908923911458e-05,0.00419588292140639
"ZNF672",-2.10854520783153,3.24943401329374,78.5572706602146,2.07389751702834e-05,0.00419588292140639
"SOGA1",-1.73480881810862,5.33796510000315,78.4692299058233,2.08244170529512e-05,0.00419588292140639
"GGA3",-1.9222319225379,4.80509590957963,77.7412391311494,2.15480561904193e-05,0.00419588292140639
"KCTD7",-1.61755812127897,4.07703247370583,77.4859974501894,2.18091966425294e-05,0.00419588292140639
"UMPS",-1.58725572207568,5.2609244468872,77.0737590553967,2.22393743467326e-05,0.00419588292140639
"ZFP64",-1.77823061214894,4.62057963764157,77.071730206257,2.22415175904321e-05,0.00419588292140639
"USP54",-1.57977367690064,5.25654446922863,76.8073866780153,2.25229884044087e-05,0.00419588292140639
"ZNF609",-1.75972944509274,6.40288282533276,76.6605578262814,2.26812549976279e-05,0.00419588292140639
"NANP",-1.48805476526111,4.2054662203385,76.5162241615208,2.28381894724267e-05,0.00419588292140639
"DHX32",-2.61807739629384,3.92180411250597,75.2213647603367,2.4308638958681e-05,0.00421567946130159
"MED22",-1.70422136898296,5.10622892561168,74.7867700750721,2.48285611949355e-05,0.00421567946130159
"BFAR",-1.71457419739366,5.42023452381143,74.3135117089879,2.54106514039745e-05,0.00421567946130159
"KIF18B",-1.2973632716698,5.93673250169527,74.2434847589936,2.54982250685515e-05,0.00421567946130159
"GTPBP2",-1.86319353606292,5.04917749843228,73.8129656829757,2.6044991773345e-05,0.00421567946130159
"ZNF772",-2.97151628375452,2.82637335668141,73.7279932221447,2.61546347714898e-05,0.00421567946130159
"KMT2E",-1.32072989962493,5.63402032762434,73.6963811880275,2.61955721427702e-05,0.00421567946130159
"IPMK",-1.6240093300641,3.88620289423847,73.6320091851909,2.62791814007188e-05,0.00421567946130159
"EGR2",3.95937979633576,4.20693265505748,73.3186353194831,2.66910043826085e-05,0.00421567946130159
"TRIM24",-1.68960549986814,3.96524834610041,73.0689356757777,2.70249387595364e-05,0.00421567946130159
"TRIM26",-1.40035051549711,4.71012333728825,72.8357129648478,2.73415683089965e-05,0.00421567946130159
"ZNF239",-1.69938995043541,3.50495028686805,72.7902671040358,2.74038058241053e-05,0.00421567946130159
"TNFRSF1A",-2.21680534305599,5.68644392559114,72.6215812298907,2.76363734646904e-05,0.00421567946130159
"JUN",3.05877713327431,8.49240074356487,72.557119672014,2.77258981106655e-05,0.00421567946130159
"ZNF594",-2.86724853064657,1.97605598690784,72.5567973791752,2.77263466233171e-05,0.00421567946130159
"USP51",-2.62106804184633,1.53312790882614,72.1977970034709,2.82316262380211e-05,0.00423113005846519
"SMARCAD1",-1.31994069327774,5.78377263934207,72.0328177288495,2.84676878744634e-05,0.00423113005846519
"ZMIZ1",-1.4254784874667,6.1564911977694,71.7345845684537,2.89007136178627e-05,0.00423308169503077
"QRICH1",-1.17310893683909,6.20521616044701,71.5851148450734,2.91208371823254e-05,0.00423308169503077
"MECOM",-1.95553994993348,3.65109355803599,71.0840725368371,2.98741781250321e-05,0.0042953872634557
"CDC7",-1.48991620006125,4.71246092379461,70.0782762794274,3.14614442350913e-05,0.00434611436061298
"GJC1",-1.62816674820245,6.23030478944356,69.7376203079541,3.20228432040615e-05,0.00434611436061298
"SGO1",-1.55695265275613,4.27456542162109,69.5619344849994,3.23172683034975e-05,0.00434611436061298
"RSPRY1",-1.47374247598302,5.23762215260202,69.5327791105858,3.23664555994685e-05,0.00434611436061298
"BMT2",-2.22144170217684,2.68182232960994,69.4732021832285,3.24672577151324e-05,0.00434611436061298
"TMCC1-AS1",-2.57965605559365,1.66803746279962,69.4668928160529,3.24779559180911e-05,0.00434611436061298
"RIPK1",-1.66248060071994,3.99757661180667,69.438083434729,3.25268613320748e-05,0.00434611436061298
"CHD9",-1.47728905549909,5.43431897617564,68.7108711449135,3.37924135637946e-05,0.00434661652916355
"ZNF248",-1.87022060150154,3.67400508690929,68.6425790133728,3.3914398442114e-05,0.00434661652916355
"IER2",3.7755076502603,8.24597805817619,68.4646820928702,3.42347565797921e-05,0.00434661652916355
"ARRB1",-1.54123885101809,3.85291575944644,68.3434978080215,3.44551544999185e-05,0.00434661652916355
"KLHDC8B",-1.53098010639993,4.03998864010415,68.3386433592078,3.44640201882715e-05,0.00434661652916355
"F3",2.28084488121015,3.32715709221291,68.0463903061036,3.50030575878567e-05,0.00434661652916355
"ZNF623",-2.13169589207932,4.20492426690751,68.0174981994418,3.50569175206601e-05,0.00434661652916355
"FAM120B",-1.60149928954707,4.37190580530917,67.6915841665528,3.5671714944542e-05,0.00434661652916355
"TRIM4",-1.44507789852939,3.93402534748789,67.6402409595422,3.57697930959032e-05,0.00434661652916355
"ZNF440",-3.10420487856216,2.20341161906913,67.5143341109995,3.60117370940574e-05,0.00434661652916355
"POLL",-1.82770304604857,3.51216148515038,67.4453667971045,3.61451329156328e-05,0.00434661652916355
"IKBKE",-1.79503188747459,3.73084140664831,67.1709991633415,3.66819689154076e-05,0.00437143319651362
"JADE2",-1.38737160364601,4.77762840890208,66.5712117970292,3.78906855914116e-05,0.00440358419169589
"ASF1A",-1.99374322875019,3.99857805533668,66.4218913205544,3.81993126356133e-05,0.00440358419169589
"TOMM40L",-1.6880795771294,3.09778637543228,66.1925343136298,3.86795126516352e-05,0.00440358419169589
"EXO1",-1.30451181199336,5.23019060601906,66.0772202394859,3.89237945846659e-05,0.00440358419169589
"ATXN2",-1.60080706997598,4.20957361044291,66.0487812881953,3.89843360809256e-05,0.00440358419169589
"C11orf96",5.49094465283862,5.09094618418686,66.0294632039791,3.90255280229003e-05,0.00440358419169589
"GOLPH3L",-1.98742852907467,3.64811011097401,65.7304511156098,3.96701064564415e-05,0.00440358419169589
"CASP8",-1.46083263008573,4.40446663796367,65.6147324177325,3.99231296859263e-05,0.00440358419169589
"ZNF441",-3.05736764217327,1.64318806444013,65.561232059939,4.00407921962138e-05,0.00440358419169589
"RBMXL1",-1.38097492145012,4.7620224079471,65.4527340417011,4.02807444205626e-05,0.00440358419169589
"ZRANB1",-1.2197824172378,5.14065467448975,65.2529826830891,4.0727231678741e-05,0.00441590016923267
"NCOA6",-1.32519505083129,5.70061519136531,65.0063674752637,4.12870400780665e-05,0.00442494479764811
"PHF13",1.37117542584326,5.94040205024698,64.922469686763,4.14796760589935e-05,0.00442494479764811
"MIOS",-1.34861044753588,5.1190812301042,64.04201317034,4.3570663791967e-05,0.00456260856050898
"SRSF5",1.45936522951713,8.47300617960834,63.7493716852191,4.42947160571528e-05,0.00456260856050898
"SPACA6P-AS",3.0013007464215,2.31036569804715,63.3839642126079,4.52200574357239e-05,0.00456260856050898
"CBFA2T2",-2.20089271445957,4.05669705285981,63.3790670349158,4.52326221287619e-05,0.00456260856050898
"TET2",-1.48239290598827,4.74895133190965,63.2336443326997,4.56077307271404e-05,0.00456260856050898
"NME6",-1.61436496018748,4.15737597654865,63.1902946229406,4.57203004102958e-05,0.00456260856050898
"AL079301.1",3.35932966306085,1.76175261131944,62.9803505370829,4.62704208048703e-05,0.00456260856050898
"CXXC5",-2.26999648445864,4.59434304628543,62.9533628623853,4.63417360783883e-05,0.00456260856050898
"GEMIN7",-2.02945522499215,3.13307191426752,62.9458438438273,4.63616296544146e-05,0.00456260856050898
"JCAD",-1.4355664784813,4.15972395033978,62.8843843412109,4.65246382063981e-05,0.00456260856050898
"TSTD2",-1.6739461846529,4.56157332161942,62.8479180272857,4.66216963089192e-05,0.00456260856050898
"NMNAT1",-1.96381739107143,2.09329228678147,62.7404565415175,4.69091899175401e-05,0.00456260856050898
"PAFAH2",-2.13943972876826,2.82300480471859,61.5039468963082,5.03823118978147e-05,0.00486465125389995
"DNAJB12",-1.18700817473229,5.19002566272956,61.342847885162,5.08581672035379e-05,0.00487501330266956
"CRYBG1",-1.96290772372306,2.57241532784468,61.1625172028905,5.13975143731199e-05,0.00489126849012684
"CCDC77",-1.88071036447067,4.11879854258814,60.8492970691611,5.23514281843432e-05,0.00494646208587494
"ATL2",-1.38034004425863,6.02856094163668,60.6665705028838,5.29181546233842e-05,0.00496454857700799
"ANKRD50",-1.33622637648892,4.80574992566483,60.4387559545766,5.36355084441337e-05,0.00498255445040087
"JUNB",4.28289836444759,8.73664601183267,60.3671736992822,5.38634174786305e-05,0.00498255445040087
"TNRC6C",-1.76597480581485,3.18393662234389,60.2307879894753,5.43010140382841e-05,0.00498815148401682
"ANKS1A",-1.71695942469895,4.83504475779027,60.0068786205471,5.50291162050832e-05,0.00502017344248855
"ARHGEF39",-1.77062025317776,4.33667637288495,59.0634869152374,5.82342790347328e-05,0.00524182269969985
"PPARA",-1.38403165710311,4.85115219144618,59.0586571063337,5.82512803791865e-05,0.00524182269969985
"E2F8",-1.98924825968451,3.28267147866047,58.8249517389575,5.90814111993593e-05,0.00526202684714027
"PRKCQ",-2.08479357778127,2.82850323697751,58.7720431501583,5.92713940296266e-05,0.00526202684714027
"C19orf68",-1.87700164197309,2.86443151412112,58.5163150790486,6.02004997690503e-05,0.0052848110247662
"NRBP2",1.39114121448598,4.83054582758096,58.4818601642167,6.0327068698193e-05,0.0052848110247662
"CSTF3",-1.5886202607795,4.77626739833968,58.2305069356597,6.12605455979163e-05,0.00530498614440155
"TOP3A",-1.48058030386762,4.86258944527213,58.1597259045782,6.1526666039872e-05,0.00530498614440155
"ZNF569",-1.80310180094518,3.15323037693878,58.0978479992,6.17604979012578e-05,0.00530498614440155
"ORC2",-1.64346320878531,4.50079133377692,57.8985512612819,6.25212169412518e-05,0.00533568166257341
"AHDC1",-1.76455147619206,4.18759134733706,57.7143393896119,6.32348031989666e-05,0.00535825776923027
"ZKSCAN3",-2.86233950426831,1.59572343898984,57.6221118910343,6.35958927856934e-05,0.00535825776923027
"NFKB2",-1.75630810166053,6.64903764694516,57.4248044762161,6.43770901162961e-05,0.0053897477725213
"PCTP",-1.90274354203836,2.91895154599432,57.2578499782496,6.50475031465558e-05,0.00540499002254442
"TUBD1",-1.92973849144597,4.07104228928675,57.1767401814223,6.53763534628899e-05,0.00540499002254442
"ZNF346",-1.82300426109532,3.39614747266649,56.7869277667549,6.69861235685384e-05,0.00542157120937636
"IER5",3.27956903535494,8.18196041614985,56.7530023261046,6.71285546908777e-05,0.00542157120937636
"SRSF4",-1.23478811146083,5.67443903184776,56.6815300491477,6.74298621852701e-05,0.00542157120937636
"MLH3",-1.45465109448763,3.98047241641097,56.6244609682162,6.76716647622354e-05,0.00542157120937636
"ALG12",-1.54773864071011,3.90755072868607,56.5596609928485,6.79475391987284e-05,0.00542157120937636
"HSPA1B",2.26684981917545,6.4044718128565,56.5189277359506,6.81216738229722e-05,0.00542157120937636
"S100PBP",-1.27997655882164,4.82410617412434,56.4434306180919,6.84459020234239e-05,0.00542157120937636
"CEP350",-1.37726850043085,5.58387202941555,56.3122742215683,6.90137645221152e-05,0.00543401236368179
"SNX27",-1.1690347870081,4.53056168058308,56.2055911449948,6.94800161081256e-05,0.00543835297679459
"RNF34",-1.64029518839843,4.05572284257957,55.7563945354549,7.14869541162164e-05,0.00553172836352792
"NFX1",-1.51900245441826,5.32684564631536,55.7147666665518,7.16765892945448e-05,0.00553172836352792
"ADNP",-1.44096157666462,6.96140889809347,55.6013566028234,7.21964278101232e-05,0.00553172836352792
"ZFHX2",-2.68437075246896,2.88826607000969,55.5146662907658,7.25969728195294e-05,0.00553172836352792
"PSMA1",1.30625699910558,5.37811162035336,55.4413281351351,7.29379970589641e-05,0.00553172836352792
"TNKS2",-1.25906006089259,5.81294965915967,55.2975802675264,7.36122589863318e-05,0.00553172836352792
"LRCH3",-1.3532412550712,4.76574574047203,55.1929346539704,7.4108015550711e-05,0.00553172836352792
"MT1X",1.68431754251556,3.49173565043926,55.014695397213,7.49620706699675e-05,0.00553172836352792
"TOP3B",-1.67441161470025,3.95967092731618,54.9686735682256,7.51845861795799e-05,0.00553172836352792
"ZADH2",-1.20330660643621,4.79329055671313,54.7542318234319,7.62323692672719e-05,0.00553172836352792
"FAM220A",-1.67003637246943,4.50397669840229,54.6954949293773,7.65225438397246e-05,0.00553172836352792
"ZNF638",-1.48024095744589,6.75499781309903,54.50637125481,7.7466292307423e-05,0.00553172836352792
"SPSB2",-1.71780520847959,2.43224707287017,54.1953776174387,7.90500526638995e-05,0.00553172836352792
"MED8",-1.11953703317311,5.07824585292669,54.0741794286237,7.96782156695566e-05,0.00553172836352792
"GRIN2A",-2.07920465869862,1.34289829778081,54.0351614410835,7.98817707652194e-05,0.00553172836352792
"SP1",-1.14837097318736,6.40906530130128,53.9764325006408,8.01893845290224e-05,0.00553172836352792
"C3orf58",2.42809016005247,5.74926141837898,53.8842995060223,8.06749545885597e-05,0.00553172836352792
"KNOP1",-1.13771560825593,5.10468863151828,53.8818507866775,8.06879101989512e-05,0.00553172836352792
"SIX4",-1.40189036115876,5.36924891461837,53.8379008638691,8.09208821083497e-05,0.00553172836352792
"ZBTB5",-1.5257546677428,5.57220114289024,53.8286783703933,8.09698758764367e-05,0.00553172836352792
"PLEKHF1",-3.33816403573201,1.80076931949064,53.7787247346431,8.12358961296002e-05,0.00553172836352792
"YEATS2",-1.13617429432221,5.98524813957761,53.7575235897748,8.13491297945065e-05,0.00553172836352792
"MIS18BP1",-1.17884648303388,6.53568300964212,53.7456651944914,8.14125506291638e-05,0.00553172836352792
"RNF217",-1.5073070635102,4.60628063709578,53.7179059119081,8.15612542021076e-05,0.00553172836352792
"SETD5",-1.18808414775595,7.04898082746216,53.5448226964408,8.24961438203988e-05,0.00553172836352792
"KLF10",1.78504122480282,7.52201122158336,53.5124255890164,8.26726192668991e-05,0.00553172836352792
"SYNRG",-1.23492013022308,5.38301762726433,53.471416869392,8.28966818906197e-05,0.00553172836352792
"TAOK1",-1.28485365105146,6.76189812450098,53.4632459749507,8.29414165427078e-05,0.00553172836352792
"HARS2",-1.55613463981544,3.97984166208725,53.3590684137303,8.35144306727506e-05,0.00553172836352792
"PYM1",-1.58293755031778,3.24622367114142,53.0183728058274,8.54232776133002e-05,0.00553172836352792
"HYLS1",-1.63320093005966,3.48533723657663,52.9231882927314,8.59663023723168e-05,0.00553172836352792
"JPH1",-2.46110263870679,2.07224043239708,52.9196358428051,8.59866524214559e-05,0.00553172836352792
"LINS1",-1.50359607799914,3.54101887804518,52.8113015729955,8.66101434710492e-05,0.00553172836352792
"GCNT1",-1.78681977767335,3.25307923619627,52.7962202874889,8.66973877473667e-05,0.00553172836352792
"CREB1",-1.89860230604312,5.23306871834303,52.7771442393194,8.68078989387385e-05,0.00553172836352792
"ZSCAN12",-1.72084095540306,3.09533894606921,52.7676654118755,8.68628771037738e-05,0.00553172836352792
"ATF7",-1.41585125891062,4.15829139444963,52.7610495557901,8.69012755438351e-05,0.00553172836352792
"SOS1",-1.36385471287862,5.20008804486916,52.7002181205197,8.72553380152983e-05,0.00553172836352792
"FBXO28",-1.65377846833795,4.54706403094933,52.6384370798071,8.7616775750591e-05,0.00553172836352792
"DNAJC14",-1.11173381257065,4.8689106258792,52.5604515426158,8.80756919499224e-05,0.00553172836352792
"KLHDC10",-1.59891659572111,3.70732877436361,52.5425110830251,8.81816899061158e-05,0.00553172836352792
"TMEM138",-1.55258169028661,4.43430374336003,52.4784038784907,8.85617615018533e-05,0.00553172836352792
"TMPPE",2.0869644629752,3.97973036270593,52.4627542189059,8.86548543292954e-05,0.00553172836352792
"ZNF662",-1.94754516039347,2.62559378453133,52.307965647539,8.95822453374446e-05,0.00556335183720055
"CNOT2",-1.24774796929707,5.01076665193047,52.0942362550247,9.08828016724982e-05,0.00561774626412994
"GEN1",-1.61157960977819,4.67552147737446,51.7267404199051,9.31747274574652e-05,0.00573262927817372
"GMEB1",-1.23352344044628,4.380048986407,51.6454296074773,9.36915613268394e-05,0.00573774061681218
"NOG",1.89319948242046,5.00909347272164,51.4141097883229,9.51816275428485e-05,0.00579276520133812
"ABHD17C",-1.55983216947375,3.66528903410779,51.2803869600364,9.60565394844112e-05,0.00579276520133812
"TMEM97",-1.47118185916468,5.69260826513086,51.0820279220562,9.73729547626585e-05,0.00579276520133812
"ZNF836",-3.15176616380027,0.527192357891272,51.0444804780613,9.7624673307393e-05,0.00579276520133812
"C12orf65",-2.32243143041185,3.67736099335469,51.023450246921,9.77660157736638e-05,0.00579276520133812
"TBC1D20",-1.16271086129907,4.88060347163233,50.9624833164649,9.8177218233853e-05,0.00579276520133812
"PHF23",-1.16253555395094,4.89244525330107,50.9381470856679,9.83419621339525e-05,0.00579276520133812
"DNAJC16",-1.84155446666177,3.65341940156844,50.8606468230153,9.8868907928084e-05,0.00579276520133812
"BTN2A2",-2.48253515379093,3.27582892471784,50.8595904623144,9.8876114776122e-05,0.00579276520133812
"ZNF780A",-1.47709313586149,3.91012757418038,50.7963349863363,9.93088648795015e-05,0.00579276520133812
"PLAGL2",-1.21466594317076,5.48464287760121,50.7373625932059,9.97144483601251e-05,0.00579276520133812
"ID2",3.21415628414971,6.00075471986748,50.6695303829833,0.000100183530182726,0.00579276520133812
"MAP3K1",-1.85830741584359,3.72522056482619,50.6223688902505,0.000100511294171178,0.00579276520133812
"MAU2",-1.78790431223453,3.37464424878251,50.5923104504076,0.000100720894791939,0.00579276520133812
"SNX33",-1.35164418378846,4.35155683759922,50.5081419970817,0.000101310725114703,0.00580146438016143
"TRIM32",-1.23822740763353,4.32618049714122,50.4049040562947,0.000102040099823477,0.0058180450020041
"ZNF510",-1.76288951757736,3.73729494194058,50.2991433561366,0.000102794119490417,0.00583588245759327
"OTUD7B",-1.43583688143592,4.61874755470188,50.1991301436596,0.000103513582682381,0.00585161398172023
"TTC9C",-1.71877322315922,3.43181633247384,49.9649915030565,0.000105222686755569,0.00590803631704334
"AL645933.2",-2.04440756709874,2.07369044964666,49.9403042819699,0.0001054049418523,0.00590803631704334
"DNAJA3",-1.25330608886638,5.41128231858012,49.8701902414725,0.000105924720520067,0.00591103314771216
"ETV6",-1.78509378211808,4.80741677757025,49.8128585106922,0.000106352123462012,0.00591103314771216
"SLC5A3",-1.58087718913571,5.8484393544107,49.5523251245333,0.000108321766435245,0.00599506284315502
"GPATCH8",-1.23396925145289,5.31103960048528,49.4938077509162,0.000108770417474842,0.00599506284315502
"TSHZ3",-1.46343081200473,3.68014985701009,49.4179464079927,0.00010935550874273,0.00600230153381256
"CREBZF",-1.50393091099908,5.85807241747935,49.3470870686934,0.000109905580401127,0.00600756618820707
"CHMP7",-1.17953607477614,5.1621588544181,49.1087850531154,0.000111781055293345,0.00605498510080465
"IL22RA1",-2.79422446679799,0.275958148625223,49.0531013421483,0.000112225050253495,0.00605498510080465
"SRRM2",1.53330585630368,9.76184271858112,49.0503496380996,0.000112247048139893,0.00605498510080465
"SLC12A7",-2.09263470550303,5.71277272716643,49.0057868801218,0.000112604047081792,0.00605498510080465
"TOE1",-1.49145251069331,4.40555958546588,48.6882801040205,0.000115189175133048,0.00612747141888746
"TMEM37",-3.12155225784295,2.60924857874936,48.6278268825703,0.000115689763756936,0.00612747141888746
"ZNF619",-2.61381449989408,2.18503022030122,48.6109495854289,0.000115830003330579,0.00612747141888746
"POLD3",-1.28636235789287,4.97340490098323,48.5449188190763,0.000116380723936855,0.00612747141888746
"DSTYK",-1.37552685969997,5.0011819026956,48.5248647379705,0.000116548630190334,0.00612747141888746
"MND1",-1.62591865283943,2.94591656236846,48.5030778913527,0.000116731387780439,0.00612747141888746
"CHAF1A",-1.45303559978992,4.82467270828757,48.323186072695,0.000118254178130277,0.00618287062572058
"MKL1",-1.16159754816064,5.44064695695957,48.190336889381,0.000119394722299884,0.00621792671883019
"GOLGA5",-1.34736727017352,4.19630013395138,48.0330314170963,0.000120763076288636,0.00626452538488655
"LYSMD3",-1.59925117154262,4.17579647455034,47.967044318756,0.000121342914566337,0.00627001591360746
"PAQR8",-2.80118220854475,1.63978473705822,47.9132707885019,0.000121818006903038,0.00627007235530503
"GAN",-1.37217881642124,4.10355326667292,47.8036953819144,0.000122793333100435,0.00627564852767312
"ZNF155",-1.68529787489147,2.84598437243473,47.6756185963824,0.000123945749890682,0.00627564852767312
"ZNF71",-1.67295295792636,2.89904417936542,47.6581221441986,0.000124104228706373,0.00627564852767312
"PRICKLE2",-1.91996573855467,4.23616753061795,47.618034277959,0.000124468291810904,0.00627564852767312
"PHF20",-1.48215278659534,4.27595558368053,47.3408489453278,0.000127022475335148,0.00627564852767312
"TTC23",-1.45053705879499,3.8385843030855,47.33604263899,0.000127067339342969,0.00627564852767312
"ZNF675",-2.03789262625766,1.55349116440533,47.2556448787043,0.000127820751015481,0.00627564852767312
"NOL4L",-1.1201033821551,4.99311451582321,47.1884464260464,0.000128454761373452,0.00627564852767312
"C5orf34",-1.51688570872905,3.45861920707528,47.1628395645856,0.000128697393929461,0.00627564852767312
"TRIP11",-1.19708241053084,4.09010168680154,47.1298470640577,0.000129010853111639,0.00627564852767312
"PPP2R3A",-1.48520037681715,4.27790440919236,47.1248834057654,0.000129058095031378,0.00627564852767312
"TADA2A",-1.34785824509064,3.84101817324428,47.1201244112578,0.000129103409366178,0.00627564852767312
"STARD8",-3.3654754287315,3.37348192292722,47.0921365345654,0.000129370308120191,0.00627564852767312
"RFC4",-1.3625954366844,5.25986706259153,46.9868488080021,0.000130380556908939,0.00627564852767312
"SPECC1L",-1.28989339448383,5.02418524108005,46.8004535582955,0.000132193354955185,0.00627564852767312
"PIK3R3",-2.01897562215199,4.00954942094252,46.6686139430549,0.000133494627890384,0.00627564852767312
"RHOB",3.4720498357893,8.12919725860512,46.6670466716913,0.000133510193160306,0.00627564852767312
"SETMAR",-1.64757300182825,3.89160879351923,46.6309685933836,0.000133869128895074,0.00627564852767312
"GTPBP10",-1.43395936290205,3.58488183820477,46.6306363777141,0.000133872439665508,0.00627564852767312
"CLK4",-1.30989281183852,3.58692826470812,46.5820577316276,0.000134357665317799,0.00627564852767312
"RAB23",-1.20278507019016,4.59519424496504,46.5540517642209,0.00013463840126564,0.00627564852767312
"DDX58",-1.57360066045769,3.28921178217024,46.5248452777036,0.000134931953220481,0.00627564852767312
"RAB12",-1.26454029550746,4.36805518988069,46.5221894051997,0.00013495868685521,0.00627564852767312
"IER3",5.11402358109505,9.4084454641633,46.5138905932312,0.000135042264210673,0.00627564852767312
"WDCP",-1.89849592732305,4.34226395538703,46.4980363792597,0.000135202112054483,0.00627564852767312
"TTLL4",-1.50478720018641,5.03621372865386,46.4659521552087,0.000135526321228069,0.00627564852767312
"RABIF",-1.37220578959446,3.3364371531824,46.435208170027,0.000135837900008427,0.00627564852767312
"FBXO10",-2.40069372543752,2.14656936570119,46.4351374990058,0.000135838617264116,0.00627564852767312
"PAFAH1B1",-1.3310160978897,5.84059264270928,46.418723130156,0.000136005338669266,0.00627564852767312
"KAT6B",-1.39536669984997,5.17933788789025,46.4036177688155,0.000136158990583776,0.00627564852767312
"NRAV",-2.28039235926883,2.83058477319824,46.344891354964,0.000136758422832011,0.00628139033757582
"RBM24",2.54275749120472,4.744728594397,46.1533897854823,0.000138736184309247,0.00634464701092117
"ZNF148",-1.03278091387915,5.5728040220444,46.1190198214731,0.000139094922374292,0.00634464701092117
"EXO5",-1.47472682040585,4.31112548454269,46.0069244180528,0.000140273013245308,0.00635468176286954
"LOR",4.36705914785077,2.76455489535959,46.0066692961843,0.000140275708705617,0.00635468176286954
"PREB",-1.19112551489996,5.24181372492586,45.9491481191011,0.000140885099202423,0.00636050543429917
"SPRY2",4.03650553825122,5.62010945349823,45.794588392815,0.000142539012163167,0.00641328589419854
"CSNK1G1",-1.49684819535195,5.14053236050669,45.6909473708568,0.000143661667409324,0.0064418865643747
"MALT1",-1.02998840211423,5.25879815763877,45.636444353848,0.000144256489276262,0.00644670554103513
"FASTKD1",-1.15313686529106,4.44625620604165,45.569313822714,0.000144993361543735,0.00645384407258977
"CEP295",-1.17607916465784,4.68448427420221,45.5331735694537,0.000145392011916522,0.00645384407258977
"MBTD1",-1.47147856761727,3.88807636616168,45.3793522974805,0.000147104171859476,0.00649317498789042
"DISP1",-1.99271805742834,1.77045440430872,45.3504255247754,0.000147428962675971,0.00649317498789042
"ZNF700",-2.29316273859697,1.92577553311973,45.2886194999773,0.000148125933354669,0.00649317498789042
"GAB1",-1.81233450944329,2.79560809015498,45.2591369366466,0.000148459852146115,0.00649317498789042
"IER5L",4.71743899694124,6.62760358151629,45.2351354758218,0.00014873238746075,0.00649317498789042
"PAPD5",-1.08339207944034,4.28110011983117,45.0797632339421,0.00015051184885759,0.00653207263954582
"TOB1",2.04204512048681,5.44175061400566,45.0037908172914,0.000151391644104436,0.00653207263954582
"POTEH",2.0008014659306,1.61078099008248,44.9832311108582,0.000151630839860885,0.00653207263954582
"MDFI",-1.07805424566619,4.94796877720035,44.9566074854167,0.000151941287175762,0.00653207263954582
"DBF4B",-1.23878625039692,4.71233824296912,44.9436721325589,0.000152092407996682,0.00653207263954582
"PMEPA1",-2.09859556358558,7.08125983767609,44.5635773059452,0.00015661810092349,0.00669295974079374
"DCP1B",-2.25796657284649,3.91745849540006,44.5444363195573,0.00015685043238933,0.00669295974079374
"KLHL11",2.37574947223884,5.06987028890909,44.3558719032063,0.000159162407393072,0.00670991423332255
"MAML1",-1.03657521184955,5.20543743065758,44.3526614280708,0.000159202138476011,0.00670991423332255
"ADORA1",-1.76617176710325,2.89240806748922,44.3510063605548,0.000159222625530805,0.00670991423332255
"ADM",4.28171644731162,3.80154483399713,44.3466337967355,0.000159276766651291,0.00670991423332255
"RASSF7",-1.39348702872775,2.97156600427958,44.2059706731516,0.000161030808286429,0.00673035380067277
"OSBPL7",1.67870299796403,3.42448844324047,44.1977595515423,0.000161133943785024,0.00673035380067277
"CEP68",-1.59755578714025,4.06923147982968,44.1854796304009,0.00016128833949299,0.00673035380067277
"NUP62",-1.38075952621652,6.13017977132607,44.1062504265575,0.000162288950235811,0.00674795622715842
"SELENOI",-1.30999746671468,5.7630493433188,44.0714882136873,0.000162730423077074,0.00674795622715842
"RASEF",-1.43575216645253,3.482872924413,44.0030236422243,0.000163604309446308,0.00676299314173677
"GPR158",-2.22390857942928,2.40876687910445,43.9551370445662,0.000164219027054651,0.00676725635476302
"VDR",-1.38311810009784,3.88005564116637,43.8380213744886,0.000165734649815957,0.0067897052131848
"LIMK2",-1.23513695327475,4.90017506716732,43.8005566950073,0.000166223179498571,0.0067897052131848
"ZNF175",-1.96978349976504,2.88436509261882,43.7943998473143,0.000166303635400051,0.0067897052131848
"PHF21A",-1.6713652852987,4.52087838323069,43.7088768182032,0.000167426278668697,0.00681450712070624
"NUMBL",-1.19144169336984,4.53309548887529,43.6209519598327,0.000168590348472657,0.00682484774402256
"GATA4",-2.41643831244915,2.01651732227394,43.5764712476286,0.000169183100650523,0.00682484774402256
"LZTS1",-2.21732741486597,2.03975148515026,43.5417428766396,0.000169647705363381,0.00682484774402256
"NAPEPLD",-2.64446917470459,2.72708771170109,43.5323539828909,0.000169773586213417,0.00682484774402256
"APOL2",-1.92688428701724,4.22392181790891,43.4903018838099,0.000170338831786736,0.00682484774402256
"ARHGAP33",1.83896204530495,3.70972919101417,43.4578995637724,0.000170775975451426,0.00682484774402256
"LINC00958",-1.31135427041851,5.17412124245462,43.4191531807805,0.000171300551199631,0.00682519184117083
"ZNF195",-1.27039889670722,4.11427660036097,43.2980438642819,0.000172953260138724,0.00687034752286801
"ZNF827",-1.75715512902906,4.51712103604908,43.0975979279792,0.000175732690360851,0.00695985637153692
"BORA",-1.73071240685188,3.92103002585009,42.9797196490552,0.000177393321348405,0.00700465329790061
"MASTL",-1.19512753450817,5.37137002950723,42.9311969566225,0.000178082592842167,0.00701094207772675
"RNF169",-1.76970991850979,5.03335524488135,42.7983751748182,0.000179986551688818,0.00704286525712401
"ZSCAN16",-2.56572690205012,1.47378297043437,42.7902064418924,0.000180104476974972,0.00704286525712401
"DTX1",-1.74054355321246,2.73014993839148,42.7198543215515,0.000181124103029125,0.00704286525712401
"LIN52",-1.21200120749353,4.444141192733,42.6976260577193,0.000181447761308891,0.00704286525712401
"MKL2",-2.01953527848934,5.58677563823692,42.6902331005668,0.000181555567937654,0.00704286525712401
"KAT14",-2.21064505586511,2.68963056325221,42.497557411712,0.000184393695837854,0.00712669855534921
"SERTAD1",3.45113448344533,6.85105426157668,42.4706669411797,0.000184794194472693,0.00712669855534921
"PRR3",-1.83039894597226,4.01291829840464,42.2816929207564,0.00018763962202065,0.00720397453820715
"SMAD7",1.6696114209269,5.67474783455983,42.2367315656923,0.000188324669168112,0.00720397453820715
"TIMM9",-1.79407680314734,4.48545779460251,42.2094636919423,0.000188741656161539,0.00720397453820715
"ZNF530",-1.63479577169119,2.410977644688,42.1731432788659,0.000189298871791743,0.00720397453820715
"SMAD4",-1.52380462654503,4.48077915694754,42.1587049657535,0.000189520950959789,0.00720397453820715
"TMEM223",-1.56111585224795,3.05744417151574,42.0157075606883,0.000191738120091464,0.00723424173982845
"IL17RD",-1.47179794636649,3.07338401424967,42.0110051053698,0.000191811580899833,0.00723424173982845
"NRDE2",-1.34477566208031,3.7037774361916,42.0016466819977,0.000191957881061369,0.00723424173982845
"USP22",-1.02256352732119,8.17310448525646,41.9428447500759,0.000192880331533876,0.00724835518616508
"PAQR6",1.67268601992564,3.41407217789338,41.8242471793773,0.000194757749460423,0.00729817424890221
"ADAM9",1.4149800397447,8.54279734593316,41.7174137953653,0.000196468542971202,0.00730307435321299
"SEC22A",-1.95253897517121,3.26061604882425,41.6323744545099,0.000197843786179214,0.00730307435321299
"HSPA1A",1.67116292067592,6.29782274806258,41.5774513661116,0.000198738396029194,0.00730307435321299
"LIPE",-1.64295176289398,1.90001179814398,41.5050215824508,0.000199925911593872,0.00730307435321299
"BX322639.1",-1.61303171064134,2.62786928449354,41.4814092796287,0.000200314961932428,0.00730307435321299
"ARC",8.52430207308293,11.6511464435134,41.474205795144,0.000200433839279225,0.00730307435321299
"MFAP1",-1.16470777966318,4.65249275074745,41.4676412681027,0.00020054224891536,0.00730307435321299
"VDAC2",1.30148855284528,7.60874557627894,41.4444706929419,0.00020092548522561,0.00730307435321299
"GCLC",-1.08962921908041,5.50130273987897,41.4393928068861,0.000201009594691324,0.00730307435321299
"SFMBT2",-1.99593434127018,3.33428954130951,41.4138698540324,0.00020143302120192,0.00730307435321299
"LENG8",2.05459242408099,6.90260608253823,41.386596680839,0.000201886717540429,0.00730307435321299
"AASDH",-1.52006293112987,3.48410262586725,41.3728567976439,0.000202115768184076,0.00730307435321299
"KAZN",-1.52740834993492,3.62726936365486,41.320837767225,0.000202985901144999,0.00730307435321299
"XYLT2",-1.43170114478098,4.44218870034537,41.2826147390943,0.000203628253059108,0.00730307435321299
"BIRC3",-2.33293832239834,7.69341724252199,41.2723805874652,0.000203800673015269,0.00730307435321299
"FOXF1",1.50202081818924,3.26544417238027,41.2604524082478,0.000204001863606331,0.00730307435321299
"KANSL1L",-1.59546525688325,3.21544277083541,41.2443367412883,0.000204274078521984,0.00730307435321299
"SRSF7",1.58500516826363,8.82358241456173,41.0958056097089,0.000206804478899129,0.00737361090802608
"KIAA1217",-2.2735960147754,5.1273786927013,40.951748266683,0.000209296220972492,0.00744239357802183
"TANK",-1.11998227526296,4.27280107731642,40.7924594990378,0.000212095292414064,0.0075217065095261
"CHMP2A",1.24332994333501,4.6158628357119,40.7227498863152,0.000213334972954879,0.00754544123595491
"LIN28B",-1.43744549326882,3.71267744868401,40.6626338334289,0.000214411331476579,0.00756115094435393
"ZNF776",-1.88651497713154,2.97980542948547,40.6342251326892,0.000214922343141599,0.00756115094435393
"MSH6",-0.931333665119828,7.42103951359266,40.5966009762214,0.000215601467936277,0.00756128219656981
"TNIP1",-0.93998645382825,6.2881429108783,40.5707688782222,0.00021606929772478,0.00756128219656981
"ZNF502",-2.72580834792995,1.77245756606298,40.5186059924516,0.000217017865508744,0.00756815089763707
"TLR6",-1.66433527776536,3.53323393406778,40.497134131257,0.000217409838305268,0.00756815089763707
"LRRC8D",-1.80046959311186,2.97019886296907,40.4113807682075,0.00021898413938178,0.00760294539564879
"KIAA1671",-1.66487858511616,6.02777084076461,40.339681810153,0.000220311380308713,0.00761121000420375
"ZFP90",-2.02647915846595,3.66002627351034,40.3363686697049,0.000220372953705022,0.00761121000420375
"AL136537.2",-1.73223635802114,2.33133151285101,40.2445158613309,0.000222088603954515,0.00763827182652452
"ZFP36",4.17073180382263,4.48269080685005,40.2326550802651,0.000222311358724822,0.00763827182652452
"CD164",1.01722702413403,8.20660467316475,40.1978867861796,0.000222965946652136,0.00764091591273175
"RANBP1",0.998950718775965,8.40682182531524,40.1553543570097,0.000223769992792263,0.00764865494743166
"SHOC2",-1.09033575609352,5.18204480459732,40.1121606082021,0.00022459025558296,0.00765690696095722
"ZNF251",-1.56877104644641,3.78192089960229,40.0681277324983,0.000225430328228997,0.00766342707519063
"ZNF605",-1.79796663738536,4.00868363410458,40.035349157553,0.00022605824073997,0.00766342707519063
"PGBD5",-2.35391349495838,2.60880972685349,39.96546787762,0.000227404219050315,0.00766342707519063
"ST6GALNAC5",-1.69314167202236,3.59639328513045,39.9650784388212,0.000227411748046538,0.00766342707519063
"UBAC2-AS1",2.17400434799623,0.779354235173525,39.9513080531695,0.000227678170588896,0.00766342707519063
"EFNA5",-1.667146228837,1.79588321321836,39.9146236117252,0.000228389830471949,0.0076678697398044
"UTP14C",-1.61427898932923,4.04598393698832,39.8536632680577,0.000229578594858634,0.00767311040126762
"ZKSCAN7",-2.60644449795168,0.467219070440133,39.8471504070702,0.0002297060567661,0.00767311040126762
"DOPEY1",-1.78148032305352,2.18949884457962,39.8007602205883,0.000230616515053473,0.00768373163861141
"SLFN5",-1.77754918303439,4.02587979027127,39.7531796246499,0.000231555029925658,0.00768373163861141
"RGMA",-3.17504316270375,2.95812521060453,39.7151013400989,0.000232309557466337,0.00768373163861141
"KIAA0232",-1.12553187716482,5.50452867998684,39.6950936397468,0.000232707245781989,0.00768373163861141
"KEAP1",-1.14312441289128,5.34287693842309,39.6839877165446,0.000232928363099726,0.00768373163861141
"RCN2",1.02538293677137,7.62969092069335,39.6247222563328,0.000234112782773052,0.00770359176746751
"ACVR2B",-1.4504882728055,4.06418864647789,39.5334761644679,0.000235951100530164,0.00774481676876678
"SRSF2",1.34978210943443,9.38745709198375,39.5006685906079,0.000236616478746747,0.00774743262589597
"SFR1",-1.34667631133177,3.12631818138156,39.430484680865,0.000238047793741659,0.00775817494976193
"ZNF488",-2.10977980862641,2.64545440429084,39.4270774196108,0.000238117555911955,0.00775817494976193
"ING1",1.3194963465748,4.59960787157705,39.1891730145798,0.000243052415226242,0.00789950208504357
"ISCA2",-1.39122740617296,3.88592248568877,39.1327970021518,0.000244240521627978,0.00791866083356591
"NIF3L1",-1.0708711051322,4.74889177559867,39.0779546855016,0.000245403284188843,0.00793690621821518
"RSRP1",2.26149131855483,6.89746720535884,39.022912126698,0.000246577262137822,0.0079498865452686
"FBXL4",-1.65319386459836,2.89369318298851,39.0028639657984,0.000247006604936906,0.0079498865452686
"SOX9",2.78645373335243,8.00354286495106,38.9251790093439,0.000248679129813281,0.00798429011934486
"SAP30L",-1.22109193790418,4.11851989296873,38.8955803921047,0.000249320100783993,0.00798548739266504
"MTHFSD",-1.77496287723534,3.39885054561597,38.7343551703949,0.00025284801852498,0.00804056193038117
"ZNF107",-1.33783652035321,3.07311460247037,38.7337058092882,0.000252862353599575,0.00804056193038117
"MYNN",-1.49055972640255,3.85796874221758,38.7298666852154,0.000252947125568075,0.00804056193038117
"WDR89",-1.51721231725693,4.37371598769439,38.6902675308614,0.000253823594906645,0.00804056193038117
"CCDC102A",-1.64349843541928,3.5308391965333,38.6548246290383,0.000254611295283831,0.00804056193038117
"SKP1",0.907337114656948,7.21904132129974,38.6324243551914,0.000255110707041859,0.00804056193038117
"AL391244.1",-1.82203662354629,2.7807894370479,38.5958968610569,0.000255927714535121,0.00804056193038117
"SKA3",-1.58061498122022,4.84444336625027,38.5817929352044,0.000256244051495665,0.00804056193038117
"CRK",-1.56931030893905,5.62660267681395,38.5699428236421,0.000256510215801395,0.00804056193038117
"FAM53B",-1.36088773704703,3.80549811537585,38.5112818562718,0.000257832899087446,0.00806291628635636
"SMARCAL1",-1.14142954359106,4.18664968168907,38.4598828955442,0.00025899885784493,0.00808027568767153
"DCUN1D1",-0.965354426479805,5.0772314119531,38.3530288749964,0.000261443967405959,0.00810668201617443
"ZNF627",-2.80947561044908,2.52612924978549,38.3518698254625,0.000261470647520715,0.00810668201617443
"THNSL1",-2.17914800075999,2.56520476204418,38.3426155486498,0.000261683793536928,0.00810668201617443
"LAMP2",0.93388210834969,7.67774637896141,38.2247157848322,0.000264418396533211,0.00816096586201486
"ZNF224",-1.7846893524979,3.28519957207379,38.2139461136731,0.000264669969368338,0.00816096586201486
"DR1",1.71535620820251,7.74298242039789,38.1869638891351,0.000265301573240239,0.00816133526933325
"WIPF3",-2.84983843398136,1.26868269464545,38.1607967905971,0.000265915898176794,0.00816133526933325
"NCKAP5L",-1.23431924037716,3.99803128054122,38.1043161551135,0.000267247970518888,0.00817609228038867
"ZNF555",-2.42873029191971,1.32307819793391,38.0517585375854,0.000268495024964741,0.00817609228038867
"NRG3",1.92370714924561,3.75285322261752,38.0256457723146,0.000269117318819123,0.00817609228038867
"BICRAL",-2.19477996411917,4.24812430672826,38.0134437400179,0.000269408724118095,0.00817609228038867
"EBLN3P",-1.08248063873984,5.87037620679057,37.9861741534388,0.000270061396191044,0.00817609228038867
"STIL",-0.867168677993238,6.00212192838873,37.9697098447266,0.000270456411637413,0.00817609228038867
"MFAP3L",-1.65220661428459,3.38851311262657,37.9586010034446,0.000270723345842927,0.00817609228038867
"PIK3IP1",-2.23229536076095,3.23708988213207,37.8661461409899,0.000272957775887214,0.00822479603516187
"C9orf47",2.87984023109889,2.55656359907663,37.8237693357477,0.000273989637828615,0.00823097129118604
"CTGF",4.27206846782073,10.0684035326015,37.7851498013439,0.000274934263975142,0.00823097129118604
"FZD1",1.90178387740785,5.78074806974849,37.7812682610854,0.000275029430806186,0.00823097129118604
"UPF2",-1.02009198082163,6.04496829613495,37.6959516566877,0.000277131650930785,0.00826104569425204
"IFIT3",-3.52513225061908,1.66278055894965,37.6420983726104,0.000278468960178992,0.00826104569425204
"TCEANC2",-1.4750613841954,2.91761309067786,37.630726088245,0.000278752393416822,0.00826104569425204
"REV1",-1.28093611451727,5.16987804355809,37.6285719198046,0.000278806122738909,0.00826104569425204
"KRT18",1.81305297691292,8.7836692031586,37.610419185645,0.000279259403569993,0.00826104569425204
"ARSI",-1.32289788360357,4.62001315969528,37.5895598337347,0.000279781408453652,0.00826104569425204
"RNF219",-1.08113048465964,4.39873880742355,37.4990806513335,0.000282059827349684,0.0083097714837007
"TAB1",-2.31798692139397,4.32939836768112,37.422660219459,0.000284002327418403,0.00834266556213146
"AFF3",-2.9274155276287,4.18035362733123,37.4056209607186,0.00028443772063209,0.00834266556213146
"FOLR1",1.96876549618236,3.40867283792247,37.3026335671129,0.000287087139974107,0.00838648279932345
"ZNF658",-2.02998254152696,1.56380426986043,37.2931136243179,0.000287333602442733,0.00838648279932345
"TRAIP",-1.2096804877319,4.25497274992242,37.2738309286934,0.000287833624954101,0.00838648279932345
"CDAN1",-1.08694775112917,3.78443437763828,37.2320029710313,0.00028892201861744,0.00839969332367361
"ABRAXAS2",-1.54751752867736,4.07338055442786,37.2058701522016,0.000289604626814956,0.00840107456909702
"MAPRE1",1.18833146575074,8.37422799367312,37.108234001599,0.000292172869689482,0.00845402666723442
"EVC",-1.05646352069271,4.07929815618706,37.0839164155786,0.000292816951131975,0.00845402666723442
"HS6ST1",-1.41260642383406,4.84709704259916,37.0476314468095,0.000293781309186337,0.00845402666723442
"ANKLE2",-1.43595940136275,6.50754799878902,37.0399334261228,0.000293986412679758,0.00845402666723442
"WDR33",-1.60680055493016,5.92604891196448,36.9065761227939,0.000297568135124592,0.00853846267121063
"ZC3H12C",-1.60759069437301,3.78104490030807,36.8511477727114,0.000299072884436787,0.00855633468885437
"SLC25A12",-1.24636816494978,4.1035005857372,36.8237328139281,0.000299820653957627,0.00855633468885437
"GLI1",-2.28877995332167,3.74611877282542,36.8123621484484,0.000300131485910828,0.00855633468885437
"CCNA2",-0.892612067826498,6.84942215157197,36.7663181727622,0.000301394286328235,0.00856927414078285
"ADRB2",1.62742799694263,2.99071533813662,36.7469132586371,0.000301928475108519,0.00856927414078285
"ACAP3",0.990836012357409,4.42817776698369,36.7141470172765,0.000302833172583906,0.00856927414078285
"ZNF786",-2.2391171096612,1.02368692301209,36.700317933997,0.000303216020088534,0.00856927414078285
"CDR2L",-1.18979534370733,4.17000505928696,36.6783860042688,0.000303824430906196,0.00856927414078285
"TNS3",-2.17380503021027,6.74049614497005,36.6343960579064,0.000305049360229346,0.00858147670645093
"RSPO3",-2.83150526415477,0.313968597101348,36.6163180294713,0.000305554545565345,0.00858147670645093
"SCML1",1.8958825591941,5.17070919223165,36.4963409412491,0.000308933924867879,0.00864282330503532
"AL135999.1",1.59358704834362,2.68107084283927,36.4924036205679,0.000309045617121387,0.00864282330503532
"ZNF347",-1.92612922638244,3.57866138692529,36.3895546468696,0.000311981168930144,0.00870648226050474
"BIN3",-1.57447495804284,3.69926002206095,36.3666983207989,0.000312638272886283,0.00870648226050474
"JAK3",-1.95741694795834,2.20560569975718,36.3046063269037,0.000314432135817715,0.00873328059803863
"TTI1",-1.15871567386579,5.45589308632971,36.2877621610217,0.000314920989209588,0.00873328059803863
"SPRY4",2.22760539161609,1.95327526672697,36.1821231978191,0.000318008630768879,0.00878509408708236
"TCF20",-0.898155600425094,6.6605464863171,36.1784172729679,0.000318117634390116,0.00878509408708236
"SUV39H2",-1.17049951566795,5.09691011735638,36.1134991298788,0.000320034695818241,0.00881962282559104
"TERF2",-1.04073668615077,4.53870085813179,36.0706706071209,0.00032130735642437,0.00883628630100117
"RRAD",5.61897649688287,5.78471446144356,36.0357353376255,0.000322350157828615,0.00884657238123843
"RHBDL3",-2.30983930704643,3.44791831977983,35.9887010266939,0.000323760805631337,0.00886689013849137
"ZNF91",-2.1871552073748,1.46275419913597,35.9633900208228,0.000324523126539034,0.00886940478896351
"MYC",2.39990733929063,8.62162453275713,35.8810704225302,0.000327018017426774,0.00889586026920156
"KRIT1",-1.15405993089868,4.56665014799003,35.8736855958766,0.000327243002980393,0.00889586026920156
"POLR2D",-0.903761395078493,6.02740837884288,35.8649754544457,0.000327508614386238,0.00889586026920156
"B4GALT5",-1.04856022851178,6.74847405612425,35.8350683714144,0.000328422670979376,0.0089024079748262
"FAM50A",0.966485143654575,6.15559078205907,35.8074804027483,0.000329268679119995,0.008907088113291
"CA2",1.90632246885541,4.48050989253365,35.7747882163892,0.000330274744669799,0.00891607004590225
"CAMKK1",-1.46768699351386,3.97258155951375,35.7324850749444,0.000331582290484259,0.00893313755300565
"TMEM57",-1.06725065065413,3.99382281565911,35.6511712059879,0.000334113853572377,0.00893927614415454
"RPP14",-1.57150506994113,3.77905883978891,35.6376814476365,0.000334536168427693,0.00893927614415454
"ITFG1",0.955698583640721,6.17482954006573,35.6111509069552,0.0003353686921067,0.00893927614415454
"SOWAHC",3.82222547679312,8.84165533876134,35.591447849215,0.00033598864807941,0.00893927614415454
"SRPX2",1.25079225619934,5.18899533370388,35.5878360888533,0.000336102447414949,0.00893927614415454
"ATAD2B",-1.27985616138912,4.09346294386711,35.5817441638694,0.000336294501034811,0.00893927614415454
"TRIM16L",-2.21926981962378,4.98282938479533,35.57394317421,0.000336540635000677,0.00893927614415454
"ZNF8",-1.66360665173534,2.34577736868727,35.465597433035,0.000339982533270024,0.00899635354514029
"BBS12",-2.75524804580734,1.41368508225488,35.4634983479895,0.000340049650179176,0.00899635354514029
"ZCCHC10",-1.15095272896519,4.06124416979022,35.4117335533176,0.000341710053124701,0.00900642623383441
"CDH13",1.11673814461988,6.32451152402068,35.4091836517952,0.00034179210533602,0.00900642623383441
"BMPR1A",-1.72954052147301,4.66277360931141,35.3591627288909,0.000343406702873837,0.00902179280821716
"TICRR",-0.894315263410381,5.58575404762559,35.3177123810088,0.000344751889962022,0.00902179280821716
"DDX47",1.71768430395817,1.77483575869476,35.3018450206048,0.000345268577148212,0.00902179280821716
"MAFK",3.48055642010123,8.27350816837099,35.2984094991786,0.000345380575211493,0.00902179280821716
"ZNF720",-1.55099668290837,2.68230791371821,35.2860039151838,0.00034578537600288,0.00902179280821716
"DNAJC5",-1.0302420858021,5.54568707771064,35.2492631174913,0.000346987734364278,0.00902938366274787
"LINC02476",1.55063373416134,2.54534058351431,35.2211323696994,0.000347911861776402,0.00902938366274787
"PGAM1",0.910783661367625,7.03176931131817,35.2146847954806,0.000348124105533823,0.00902938366274787
"FBXO30",-1.04933831693377,4.61699033619259,35.1916139724835,0.000348884887750086,0.00903140762261866
"MTFR2",-1.68716512942371,2.78493860219166,35.1661154746171,0.0003497281459493,0.00903555452073699
"TRMT1L",-1.71026965937286,3.62042304152034,35.0611874969657,0.000353225158338678,0.00909703323097026
"GPR156",-1.44946331169897,3.11887252766618,35.0534980152251,0.000353483147922491,0.00909703323097026
"SUOX",-2.65953701040301,2.78895727716089,34.9668499568481,0.000356406631560333,0.00914513283240677
"ASB8",-1.14776678234031,3.76504693057891,34.9571776614467,0.000356734845896726,0.00914513283240677
"ZBTB4",-1.51037251794439,4.23376402363494,34.9270283269235,0.000357760345764088,0.00915368250245135
"TUBB2A",3.95954509449013,7.21435080515459,34.8374198871238,0.000360830134026407,0.00919982518135942
"ABL1",-0.910292519848325,6.69984599081042,34.8338028107298,0.000360954737611547,0.00919982518135942
"MN1",-1.77074199566705,4.41145529970325,34.7874611044028,0.00036255592173341,0.00920004133391894
"VBP1",1.07298580050017,7.24339086891572,34.782945506166,0.000362712417908155,0.00920004133391894
"YAE1D1",-1.56114105018771,3.59061286539417,34.7732214104789,0.000363049710939347,0.00920004133391894
"LOXL2",1.29178631863139,7.93832002427059,34.6751724622911,0.000366472688849182,0.0092690262487514
"RUBCN",-1.37342189131236,4.06495492787855,34.5910806001789,0.000369440626675079,0.0093262607054541
"GON4L",-1.29059453567865,4.80710662716519,34.5436136261685,0.000371129205506827,0.00935104215322725
"PARG",-0.985343425703531,4.54408313408425,34.4881216929685,0.000373115521888092,0.0093540371403403
"RGS17",-1.83020981282896,1.75286772915927,34.483607710448,0.000373277682706631,0.0093540371403403
"OTUD6B",1.46518884087354,5.90389509944603,34.4810532157459,0.000373369489726314,0.0093540371403403
"MAP2K4",-1.30528597665762,4.91062449943486,34.4373086980154,0.000374946034006502,0.00937577719818148
"SLC38A9",-1.4038021667369,3.28242609027811,34.3882384765983,0.000376724438476451,0.00939938190054167
"MIDN",2.57558984041873,6.69764859084296,34.372113517943,0.000377311142212551,0.00939938190054167
"CCNF",-1.20736659246203,6.39884518000731,34.316567378449,0.000379340948892751,0.00943148973991501
"UPF3B",-1.38547805885569,3.38352253339814,34.2979044386075,0.00038002600781484,0.00943148973991501
"LAG3",2.36336265484084,2.48396170069024,34.2749345942445,0.000380871285850785,0.00943476660905279
"RNF41",-1.15992651440111,5.12744934864054,34.2213090834894,0.000382853849614917,0.00945128890022331
"CCSER2",-0.903326159479165,5.42003307106506,34.2182521354092,0.000382967255104301,0.00945128890022331
"RASSF9",-2.5141507276878,3.37469474002669,34.1865663098799,0.000384145202462615,0.00946270528524295
"ZFP69",-1.29514914706536,2.50708681703759,34.0851155752267,0.000387947333952653,0.00953860099168346
"ZNF311",-2.21547839725275,1.92993131030531,34.0570185542937,0.000389008658425719,0.00954152544092851
"GALC",0.938144786398533,5.49452939737405,34.0316265416267,0.000389970931293352,0.00954152544092851
"SLC25A29",-1.45846842563495,3.24754595752014,34.0247981258743,0.000390230213451944,0.00954152544092851
"SUPT20H",-0.989286103986135,4.67463471786275,33.9824016957417,0.000391844885971191,0.00954617918486272
"ATP5L",0.972062947413637,7.00322796750055,33.9775724813716,0.000392029336905475,0.00954617918486272
"KDM2B",-1.1292502557313,4.71538688617017,33.9536178502619,0.000392945886844615,0.00954617918486272
"ZNF334",-1.83963594783201,2.88951818222077,33.9441938673655,0.000393307201069714,0.00954617918486272
"ZNF286A",-1.48038561116037,2.23952213917157,33.8390337430186,0.000397367358798279,0.00961903277444427
"KDM5A",-0.848714451530958,6.02305641854897,33.7949101422255,0.000399086548551197,0.00961903277444427
"AFTPH",-1.51296934738933,5.21691716313236,33.7888150341198,0.000399324763371515,0.00961903277444427
"KLHL22",-1.79191947310131,3.06123144139421,33.7689823346035,0.000400101115868891,0.00961903277444427
"COL11A1",0.95169521535136,6.73238252012796,33.7490871442661,0.000400881812585523,0.00961903277444427
"ZNF549",-1.43243968895365,2.91661671197572,33.7402628790838,0.000401228690962192,0.00961903277444427
"CLDN4",1.2913068550905,5.29083342025296,33.7359336374262,0.000401399009033357,0.00961903277444427
"ZFP36L2",3.29422642407602,7.74428478872801,33.7163064181341,0.000402172305168614,0.00962013608095917
"RFWD3",-1.38686428066735,6.41320297369217,33.6662198253284,0.000404154138111411,0.00965009194754105
"IFIH1",-2.38232349632587,2.24411277037779,33.5910703308458,0.000407150636622925,0.00969140628038465
"DNASE1L1",1.0942698558953,4.9893126933113,33.5861024080694,0.000407349704558049,0.00969140628038465
"UVRAG",-1.02660807730959,4.02226918421094,33.5298112407193,0.000409613857304671,0.00971437954689252
"MAP3K14",-1.57939129206042,4.92648283531205,33.5138725199518,0.000410257805394216,0.00971437954689252
"AKAP10",-1.42022627658909,4.31516429272786,33.5074298482494,0.00041051845832423,0.00971437954689252
"KIAA0040",-1.65801015442751,2.89807680671029,33.3887313726743,0.000415357955570414,0.0098047245187664
"NEURL1B",-1.91411828818484,5.37294316545031,33.3770186553459,0.000415839358543262,0.0098047245187664
"TP73",-2.0627236461813,2.98937253936473,33.3595177578496,0.000416559962167124,0.0098047245187664
"SPOP",-0.869008283587301,5.60204249079887,33.232771261981,0.000421825677841583,0.00988627517604157
"MSANTD4",-1.25481208124909,4.57695084168576,33.1973453077861,0.000423312327410703,0.00988627517604157
"AP1G1",-0.856013940004102,6.7059298209186,33.1922225115088,0.000423527847569894,0.00988627517604157
"ST6GAL1",-2.33529900500033,2.33502437408427,33.1880477635275,0.000423703584096633,0.00988627517604157
"DCAF5",-0.819566607618463,6.274826362046,33.1866707833651,0.000423761568250345,0.00988627517604157
"VIPAS39",-1.01916783421688,4.09108520745187,33.1469519018091,0.000425438397682605,0.00990792099391813
"E2F7",-1.03657013336042,5.6770431751333,33.0853450247139,0.000428055738935281,0.00993643296120454
"EAF1",2.58120091949064,6.97151822202375,33.0827831970479,0.000428165012691759,0.00993643296120454
"DCAF10",-1.45830303271026,4.12107479044799,33.039315523922,0.000430024439883106,0.00996210733935855
